Title,Price,Date
Got Data Funny Business Data Analyst T-Shirt,15.99,2025-01-28
Got Data Funny Business Data Analyst T-Shirt,15.99,2025-01-28
Got Data Funny Business Data Analyst T-Shirt,15.99,2025-01-28
Got Data Funny Business Data Analyst T-Shirt,15.99,2025-01-28
Got Data Funny Business Data Analyst T-Shirt,15.99,2025-01-28
Got Data Funny Business Data Analyst T-Shirt,15.99,2025-01-28
Got Data Funny Business Data Analyst T-Shirt,15.99,2025-01-28
Got Data Funny Business Data Analyst T-Shirt,15.99,2025-01-28
Got Data Funny Business Data Analyst T-Shirt,15.99,2025-01-28
Got Data Funny Business Data Analyst T-Shirt,15.99,2025-01-28
Got Data Funny Business Data Analyst T-Shirt,15.99,2025-01-28
Got Data Funny Business Data Analyst T-Shirt,15.99,2025-01-28
Got Data Funny Business Data Analyst T-Shirt,15.99,2025-01-28
Got Data Funny Business Data Analyst T-Shirt,15.99,2025-01-28
Got Data Funny Business Data Analyst T-Shirt,15.99,2025-01-28
Got Data Funny Business Data Analyst T-Shirt,15.99,2025-01-28
Got Data Funny Business Data Analyst T-Shirt,15.99,2025-01-28
Got Data Funny Business Data Analyst T-Shirt,15.99,2025-01-28
Got Data Funny Business Data Analyst T-Shirt,15.99,2025-01-28
Got Data Funny Business Data Analyst T-Shirt,15.99,2025-01-28
Got Data Funny Business Data Analyst T-Shirt,15.99,2025-01-28
